hospital_id,name,lat,lng,level,specialties,reputation_score,avg_cost_score,booking_url,address
HCM_001,Bệnh viện Chợ Rẫy,10.7576,106.6602,trung ương,"tim mạch,thần kinh,ngoại khoa,ung bướu",0.95,0.3,https://booking.choray.vn,"201B Nguyễn Chí Thanh, Q5, TP.HCM"
HCM_002,Bệnh viện Đại học Y Dược TP.HCM,10.7629,106.6575,trung ương,"tim mạch,tiêu hóa,nội khoa,ngoại khoa",0.9,0.4,https://umc.edu.vn,"215 Hồng Bàng, Q5, TP.HCM"
HCM_003,Bệnh viện Nhân Dân 115,10.7665,106.6668,thành phố,"đột quỵ,thần kinh,tim mạch,cấp cứu",0.85,0.5,https://benhvien115.com.vn,"527 Sư Vạn Hạnh, Q10, TP.HCM"
HCM_004,Bệnh viện Từ Dũ,10.7713,106.6906,chuyên khoa,"sản khoa,phụ khoa,hiếm muộn,sơ sinh",0.92,0.4,https://tudu.com.vn,"284 Cống Quỳnh, Q1, TP.HCM"
HCM_005,Bệnh viện Nhi Đồng 1,10.7638,106.6847,chuyên khoa,"nhi khoa,hô hấp,tiêu hóa,nhiễm",0.9,0.6,https://nhidong.org.vn,"341 Sư Vạn Hạnh, Q10, TP.HCM"
HCM_006,Bệnh viện Nhi Đồng 2,10.7769,106.7006,chuyên khoa,"nhi khoa,ngoại nhi,hô hấp",0.88,0.6,https://nhidong2.org.vn,"14 Lý Tự Trọng, Q1, TP.HCM"
HCM_007,Bệnh viện Ung Bướu TP.HCM,10.7862,106.6721,chuyên khoa,"ung bướu,hóa trị,xạ trị",0.9,0.5,https://benhvienungbuou.vn,"3 Nơ Trang Long, Bình Thạnh, TP.HCM"
HCM_008,Bệnh viện Bình Dân,10.7631,106.6569,trung ương,"ngoại khoa,tiết niệu,nam khoa",0.87,0.5,https://binhdan.org.vn,"371 Điện Biên Phủ, Q3, TP.HCM"
HCM_009,Bệnh viện Thống Nhất,10.7976,106.6538,trung ương,"tim mạch,lão khoa,nội khoa",0.88,0.5,https://bvtn.org.vn,"1 Lý Thường Kiệt, Tân Bình, TP.HCM"
HCM_010,Bệnh viện Quân y 175,10.8155,106.6806,trung ương,"đa khoa,ngoại khoa,cấp cứu",0.9,0.45,https://bv175.vn,"786 Nguyễn Kiệm, Gò Vấp, TP.HCM"
HCM_011,Bệnh viện Nguyễn Tri Phương,10.7534,106.6632,thành phố,"nội khoa,ngoại khoa,tiêu hóa",0.82,0.55,https://bvnguyentriphuong.vn,"468 Nguyễn Trãi, Q5, TP.HCM"
HCM_012,Bệnh viện Trưng Vương,10.7815,106.6661,thành phố,"nội khoa,hô hấp,cấp cứu",0.8,0.6,https://bvtrungvuong.vn,"266 Lý Thường Kiệt, Q10, TP.HCM"
HCM_013,Bệnh viện Hùng Vương,10.7545,106.6687,chuyên khoa,"sản khoa,phụ khoa",0.86,0.5,https://bvhumgvuong.vn,"128 Hồng Bàng, Q5, TP.HCM"
HCM_014,Bệnh viện Phạm Ngọc Thạch,10.7782,106.6829,chuyên khoa,"hô hấp,lao phổi",0.86,0.55,https://bvphamngocthach.vn,"120 Hồng Bàng, Q5, TP.HCM"
HCM_015,Bệnh viện Da Liễu TP.HCM,10.7802,106.6895,chuyên khoa,"da liễu,thẩm mỹ",0.85,0.6,https://bvdl.org.vn,"2 Nguyễn Thông, Q3, TP.HCM"
HCM_016,Bệnh viện Mắt TP.HCM,10.7724,106.6941,chuyên khoa,"nhãn khoa",0.85,0.55,https://bvmathcm.vn,"280 Điện Biên Phủ, Q3, TP.HCM"
HCM_017,Bệnh viện Tai Mũi Họng TP.HCM,10.7821,106.6882,chuyên khoa,"tai mũi họng,thính học",0.84,0.6,https://taimuihongtphcm.vn,"155B Trần Quốc Thảo, Q3, TP.HCM"
HCM_018,Bệnh viện Răng Hàm Mặt Trung ương TP.HCM,10.7756,106.6934,chuyên khoa,"răng hàm mặt,phẫu thuật hàm",0.87,0.5,https://ranghammat.vn,"263-265 Trần Hưng Đạo, Q1, TP.HCM"
HCM_019,Bệnh viện Y học Cổ truyền TP.HCM,10.7701,106.6754,chuyên khoa,"y học cổ truyền,phục hồi chức năng",0.78,0.7,https://medpro.vn/,"179 Nam Kỳ Khởi Nghĩa, Q3, TP.HCM"
HCM_020,Bệnh viện Quận 1,10.7728,106.7034,quận,"nội khoa,cấp cứu",0.65,0.85,https://medpro.vn/,"338 Hai Bà Trưng, Q1, TP.HCM"
HCM_021,Bệnh viện Quận 3,10.7811,106.6822,quận,"nội khoa,ngoại khoa",0.66,0.85,https://medpro.vn/,"114-116 Trần Quốc Thảo, Q3, TP.HCM"
HCM_022,Bệnh viện Quận 4,10.7589,106.7051,quận,"nội khoa,cấp cứu",0.64,0.9,https://medpro.vn/,"63 Bến Vân Đồn, Q4, TP.HCM"
HCM_023,Bệnh viện Quận 7,10.7376,106.7219,quận,"đa khoa,cấp cứu",0.63,0.9,https://medpro.vn/,"101 Nguyễn Thị Thập, Q7, TP.HCM"
HCM_024,Bệnh viện Quận 10,10.7749,106.6679,quận,"đa khoa,cấp cứu",0.64,0.9,https://medpro.vn/,"572 Nguyễn Chí Thanh, Q10, TP.HCM"
HCM_025,Bệnh viện Quận 11,10.7621,106.6504,quận,"nội khoa,ngoại khoa",0.63,0.9,https://medpro.vn/,"72 Bình Thới, Q11, TP.HCM"
HCM_026,Bệnh viện Gia Định,10.8011,106.7042,thành phố,"đa khoa,nội khoa,ngoại khoa",0.8,0.55,https://medpro.vn/,"425 Nơ Trang Long, Bình Thạnh, TP.HCM"
HCM_027,Bệnh viện Lê Văn Thịnh,10.8436,106.7541,thành phố,"đa khoa,ngoại khoa",0.78,0.6,https://medpro.vn/,"130 Lê Văn Thịnh, TP Thủ Đức"
HCM_028,Bệnh viện TP Thủ Đức,10.8502,106.7718,thành phố,"đa khoa,cấp cứu",0.77,0.6,https://medpro.vn/,"64 Lê Văn Chí, TP Thủ Đức"
HCM_029,Bệnh viện Quốc tế Vinmec Central Park,10.7951,106.7218,tư nhân,"đa khoa,nhi khoa,phẫu thuật",0.88,0.2,https://vinmec.com,"208 Nguyễn Hữu Cảnh, Bình Thạnh, TP.HCM"
HCM_030,Bệnh viện FV,10.7287,106.7216,tư nhân,"đa khoa,ung bướu,ngoại khoa",0.87,0.2,https://fvhospital.com,"6 Nguyễn Lương Bằng, Q7, TP.HCM"
HCM_031,Bệnh viện Hoàn Mỹ Sài Gòn,10.7839,106.6873,tư nhân,"đa khoa,nội khoa,ngoại khoa",0.83,0.35,https://hoanmy.com,"60 Phan Xích Long, Phú Nhuận, TP.HCM"
HCM_032,Bệnh viện Quốc tế City,10.7436,106.6127,tư nhân,"đa khoa,nội khoa,ngoại khoa",0.82,0.3,https://cih.com.vn,"3 Đường 17A, Bình Tân, TP.HCM"
HCM_033,Bệnh viện Quốc tế Columbia Asia Gia Định,10.8042,106.6983,tư nhân,"đa khoa,nội khoa",0.8,0.3,https://medpro.vn/,"1 Nơ Trang Long, Bình Thạnh, TP.HCM"
HCM_034,Phòng khám Đa khoa CarePlus,10.7809,106.6996,tư nhân,"đa khoa,gia đình,nội khoa",0.75,0.4,https://careplusvn.com,"107 Tôn Dật Tiên, Q7, TP.HCM"
HCM_035,Phòng khám Victoria Healthcare,10.7818,106.6921,tư nhân,"đa khoa,nhi khoa,gia đình",0.76,0.35,https://victoriahealthcare.vn,"37 Nguyễn Văn Trỗi, Phú Nhuận, TP.HCM"
HCM_036,Phòng khám Bernard Healthcare,10.7871,106.6992,tư nhân,"tầm soát,chẩn đoán,nội khoa",0.78,0.3,https://bernard.vn,"201 Nam Kỳ Khởi Nghĩa, Q3, TP.HCM"
HCM_037,Bệnh viện Tâm Anh TP.HCM,10.8219,106.6887,tư nhân,"đa khoa,thần kinh,chấn thương chỉnh hình",0.9,0.25,https://tamanhhospital.vn,"2B Phổ Quang, Tân Bình, TP.HCM"
HCM_038,Bệnh viện Tim Tâm Đức,10.7314,106.7229,chuyên khoa,"tim mạch,phẫu thuật tim",0.9,0.35,https://tamdichospital.com,"4 Nguyễn Lương Bằng, Q7, TP.HCM"
HCM_039,Bệnh viện Mắt Sài Gòn,10.7867,106.6981,tư nhân,"nhãn khoa,phẫu thuật mắt",0.84,0.3,https://matsaigon.com,"473 Cách Mạng Tháng 8, Q10, TP.HCM"
HCM_040,Bệnh viện Phụ sản Mê Kông,10.7928,106.6875,tư nhân,"sản khoa,phụ khoa,hiếm muộn",0.84,0.3,https://mekonghospital.vn,"243 Hoàng Văn Thụ, Phú Nhuận, TP.HCM"
HCM_041,Bệnh viện Đa khoa Vạn Hạnh,10.7708,106.6712,tư nhân,"đa khoa,nội khoa,ngoại khoa",0.78,0.4,https://benhvienvanhanh.vn,"781 Lê Hồng Phong, Q10, TP.HCM"
HCM_042,Bệnh viện An Bình,10.7518,106.6596,thành phố,"nội khoa,ngoại khoa",0.75,0.6,https://medpro.vn/,"146 An Bình, Q5, TP.HCM"
HCM_043,Bệnh viện Phú Nhuận,10.7991,106.6812,quận,"nội khoa,cấp cứu",0.65,0.85,https://medpro.vn/,"274 Nguyễn Trọng Tuyển, Phú Nhuận, TP.HCM"
HCM_044,Bệnh viện Bình Tân,10.7428,106.5986,quận,"đa khoa,cấp cứu",0.64,0.9,https://medpro.vn/,"809 Hương Lộ 2, Bình Tân, TP.HCM"
HCM_045,Bệnh viện Tân Phú,10.7906,106.6241,quận,"đa khoa,cấp cứu",0.64,0.9,https://medpro.vn/,"609 Âu Cơ, Tân Phú, TP.HCM"
HCM_046,Bệnh viện Hóc Môn,10.8894,106.5948,quận,"đa khoa,cấp cứu",0.63,0.9,https://medpro.vn/,"65 Lý Nam Đế, Hóc Môn, TP.HCM"
HCM_047,Bệnh viện Củ Chi,11.0066,106.5142,quận,"đa khoa,cấp cứu",0.62,0.9,https://medpro.vn/,"Tỉnh lộ 8, Củ Chi, TP.HCM"
HCM_048,Bệnh viện Bình Chánh,10.7432,106.5124,quận,"đa khoa,cấp cứu",0.62,0.9,https://medpro.vn/,"Nguyễn Hữu Trí, Bình Chánh, TP.HCM"
HCM_049,Bệnh viện Nhà Bè,10.6951,106.7379,quận,"đa khoa,cấp cứu",0.62,0.9,https://medpro.vn/,"281 Lê Văn Lương, Nhà Bè, TP.HCM"
HCM_050,Bệnh viện Cần Giờ,10.4112,106.9548,quận,"đa khoa,cấp cứu",0.6,0.95,https://medpro.vn/,"Đường Rừng Sác, Cần Giờ, TP.HCM"
HCM_051,Bệnh viện Đại học Y khoa Phạm Ngọc Thạch,10.7764,106.6826,thành phố,"nội khoa,ngoại khoa,y học gia đình",0.82,0.55,https://medpro.vn/,"86/2 Thành Thái, Q10, TP.HCM"
HCM_052,Bệnh viện Y học cổ truyền Trung ương TP.HCM,10.7719,106.6892,chuyên khoa,"y học cổ truyền,phục hồi chức năng",0.8,0.65,https://medpro.vn/,"29 Nguyễn Bỉnh Khiêm, Q1, TP.HCM"
HCM_053,Bệnh viện Quốc tế Hồng Ngọc TP.HCM,10.7823,106.7004,tư nhân,"đa khoa,nội khoa,ngoại khoa",0.8,0.3,https://hongngochospital.vn,"8 Nguyễn Bỉnh Khiêm, Q1, TP.HCM"
HCM_054,Bệnh viện Phụ sản Quốc tế Sài Gòn,10.7879,106.6904,tư nhân,"sản khoa,phụ khoa",0.82,0.3,https://benhvienphusanquoctesaigon.vn,"63 Bùi Thị Xuân, Q1, TP.HCM"
HCM_055,Bệnh viện Đa khoa Quốc tế Nam Sài Gòn,10.7298,106.7045,tư nhân,"đa khoa,nhi khoa,sản khoa",0.8,0.35,https://medpro.vn/,"88 Nguyễn Hữu Thọ, Q7, TP.HCM"
HCM_056,Bệnh viện Phục hồi chức năng TP.HCM,10.7722,106.6841,chuyên khoa,"phục hồi chức năng,vật lý trị liệu",0.8,0.6,https://medpro.vn/,"313 Âu Dương Lân, Q8, TP.HCM"
HCM_057,Bệnh viện An Lạc,10.7416,106.5953,tư nhân,"đa khoa,nội khoa,ngoại khoa",0.77,0.4,https://anlachospital.vn,"490 Kinh Dương Vương, Bình Tân, TP.HCM"
HCM_058,Bệnh viện Mắt Cao Thắng,10.7743,106.6899,tư nhân,"nhãn khoa",0.8,0.4,https://matcaothang.com,"135 Cao Thắng, Q3, TP.HCM"
HCM_059,Bệnh viện Quốc tế Ánh Dương,10.7861,106.6954,tư nhân,"đa khoa,nội khoa",0.74,0.4,https://medpro.vn/,"08 Nguyễn Thị Minh Khai, Q1, TP.HCM"
HCM_060,Bệnh viện Phương Nam,10.7584,106.7059,tư nhân,"đa khoa,nội khoa",0.73,0.45,https://medpro.vn/,"15 Nguyễn Văn Cừ, Q5, TP.HCM"
HCM_061,Bệnh viện Đa khoa Tân Bình,10.8012,106.6527,quận,"đa khoa,cấp cứu",0.65,0.85,https://medpro.vn/,"605 Hoàng Văn Thụ, Tân Bình, TP.HCM"
HCM_062,Bệnh viện Lê Minh Xuân,10.6917,106.5254,quận,"đa khoa,cấp cứu",0.62,0.9,https://medpro.vn/,"Ấp 3, Lê Minh Xuân, Bình Chánh, TP.HCM"
HCM_063,Bệnh viện Mắt Quốc tế Việt – Nga,10.7816,106.6928,tư nhân,"nhãn khoa,tật khúc xạ",0.83,0.3,https://matvietnga.com,"1-3 Lê Duẩn, Q1, TP.HCM"
HCM_064,Bệnh viện Phụ sản Hạnh Phúc,10.8934,106.7112,tư nhân,"sản khoa,nhi khoa",0.86,0.25,https://hanhphuchospital.com,"18 Đại lộ Bình Dương, Bình Dương"
HCM_065,Bệnh viện Quốc tế Minh Anh,10.8194,106.6681,tư nhân,"đa khoa,ngoại khoa",0.75,0.35,https://medpro.vn/,"36 Nguyễn Thế Truyện, Tân Phú, TP.HCM"
HCM_066,Bệnh viện Đa khoa Vạn Phúc,10.8395,106.7176,tư nhân,"đa khoa,nội khoa",0.74,0.4,https://medpro.vn/,"1 QL13, TP Thủ Đức"
HCM_067,Bệnh viện Đa khoa Đức Khang,10.7921,106.6854,tư nhân,"đa khoa,nội khoa",0.73,0.45,https://medpro.vn/,"23 Nguyễn Văn Trỗi, Phú Nhuận, TP.HCM"
HCM_068,Bệnh viện Quốc tế Minh Tâm,10.7714,106.6768,tư nhân,"đa khoa,ngoại khoa",0.72,0.45,https://medpro.vn/,"92 Lý Thường Kiệt, Q10, TP.HCM"
HCM_069,Bệnh viện Đa khoa Sài Gòn,10.7687,106.7002,tư nhân,"đa khoa,nội khoa,ngoại khoa",0.78,0.4,https://benhviendakhoasaigon.vn,"125 Lê Lợi, Q1, TP.HCM"
HCM_070,Bệnh viện Đa khoa Quốc tế Sài Gòn,10.7759,106.7023,tư nhân,"đa khoa,nội khoa",0.77,0.4,https://medpro.vn/,"441 Lê Văn Sỹ, Q3, TP.HCM"
